"","ID","group","triangle_area","Consistency","totLineCross","SynQuest","SynCons","SynSD","SynPermzs","SynLine"
"1",28301,"Syn",197.5,0.068738450411623,145,TRUE,TRUE,TRUE,TRUE,TRUE
"2",28307,"Syn",167,0.0337736967652451,248,TRUE,TRUE,TRUE,TRUE,TRUE
"3",28521,"Syn",966,0.0735632566845575,327,TRUE,TRUE,TRUE,TRUE,TRUE
"4",28563,"Syn",122,0.0813975781530282,258,TRUE,TRUE,TRUE,TRUE,TRUE
"5",28740,"Syn",0,0.0476381039252158,442,TRUE,TRUE,TRUE,TRUE,TRUE
"6",28746,"Syn",0,0.0673666902538768,287,TRUE,TRUE,TRUE,TRUE,TRUE
"7",28777,"Syn",4,0.0397825235109718,310,TRUE,TRUE,TRUE,TRUE,TRUE
"8",28779,"Syn",30.5,0.102351844152921,316,TRUE,TRUE,TRUE,TRUE,TRUE
"9",28796,"Syn",73.5,0.544321468298109,335,TRUE,FALSE,TRUE,TRUE,TRUE
"10",28803,"Syn",5796,1.47371622984146,953,FALSE,FALSE,TRUE,TRUE,FALSE
"11",29027,"Syn",0,0,2498,TRUE,TRUE,FALSE,FALSE,FALSE
"12",29043,"Syn",1224,0.151459139670513,387,TRUE,TRUE,TRUE,TRUE,TRUE
"13",29048,"Syn",104,0.0923202858929332,395,TRUE,TRUE,TRUE,TRUE,TRUE
"14",29053,"Syn",180,0.0960737102644546,389,TRUE,TRUE,TRUE,TRUE,TRUE
"15",29058,"Syn",202.5,0.031267966575636,337,TRUE,TRUE,TRUE,TRUE,TRUE
"16",29063,"Syn",1.5,0.0462272016735781,290,TRUE,TRUE,TRUE,TRUE,TRUE
"17",29104,"Syn",301.5,0.102013781723513,906,TRUE,TRUE,TRUE,TRUE,FALSE
"18",29119,"Syn",1391.5,0.0785710089187454,451,TRUE,TRUE,TRUE,TRUE,TRUE
"19",29123,"Syn",38,0.164440932174717,322,TRUE,TRUE,TRUE,TRUE,TRUE
"20",29128,"Syn",155,0.126551279930397,299,TRUE,TRUE,TRUE,TRUE,TRUE
"21",29134,"Syn",56,0.589078826812685,497,FALSE,FALSE,TRUE,TRUE,TRUE
"22",29147,"Syn",5,0.0471132346827564,358,TRUE,TRUE,TRUE,TRUE,TRUE
"23",29151,"Syn",59,0.0166175402371959,273,TRUE,TRUE,TRUE,TRUE,TRUE
"24",29153,"Syn",118.5,0.029334129851159,275,TRUE,TRUE,TRUE,TRUE,TRUE
"25",29154,"Syn",0,0.0313293464221403,338,TRUE,TRUE,TRUE,TRUE,TRUE
"26",29157,"Syn",66,0.19370255487521,380,TRUE,TRUE,TRUE,TRUE,TRUE
"27",29166,"Syn",34.5,0.0881169267657168,328,TRUE,TRUE,TRUE,TRUE,TRUE
"28",29172,"Syn",267.5,0.113993784357821,385,TRUE,TRUE,TRUE,TRUE,TRUE
"29",29180,"Syn",7.5,0.0342504471994858,414,TRUE,TRUE,TRUE,TRUE,TRUE
"30",29189,"Syn",15,0.0359086574051963,386,TRUE,TRUE,TRUE,TRUE,TRUE
"31",29195,"Syn",4427.5,0.198722582933217,316,TRUE,TRUE,TRUE,TRUE,TRUE
"32",29207,"Syn",126,0.0382703112572572,287,TRUE,TRUE,TRUE,TRUE,TRUE
"33",29213,"Syn",18,0.0417872593708677,354,TRUE,TRUE,TRUE,TRUE,TRUE
"34",29216,"Syn",30.5,0.285527077701039,327,TRUE,FALSE,TRUE,TRUE,TRUE
"35",29255,"Syn",573,0.0901259815783543,328,TRUE,TRUE,TRUE,TRUE,TRUE
"36",29289,"Syn",23265,0.164432218189877,457,TRUE,TRUE,TRUE,TRUE,TRUE
"37",29291,"Syn",104,0.074290646900423,316,TRUE,TRUE,TRUE,TRUE,TRUE
"38",29303,"Syn",1,0.120438333675895,258,TRUE,TRUE,TRUE,TRUE,TRUE
"39",29306,"Syn",27,0.173448762906682,179,TRUE,TRUE,TRUE,TRUE,TRUE
"40",29320,"Syn",232.5,0.177005394708306,315,TRUE,TRUE,TRUE,TRUE,TRUE
"41",29324,"Syn",8086.5,2.95215301058961,570,FALSE,FALSE,TRUE,TRUE,FALSE
"42",29332,"Syn",33,0.0642972792221517,313,TRUE,TRUE,TRUE,TRUE,TRUE
"43",29346,"Syn",433,0.0599760157526942,345,TRUE,TRUE,TRUE,TRUE,TRUE
"44",29352,"Syn",65.5,0.0361110866652184,332,TRUE,TRUE,TRUE,TRUE,TRUE
"45",29367,"Syn",42.5,0.0258990224370757,429,TRUE,TRUE,TRUE,TRUE,TRUE
"46",29395,"Syn",3659.5,0.611093445763457,329,FALSE,FALSE,TRUE,TRUE,TRUE
"47",29400,"Syn",12024.5,1.32047635868843,673,FALSE,FALSE,TRUE,TRUE,FALSE
"48",29403,"Syn",302,0.266216014978533,378,TRUE,FALSE,TRUE,TRUE,TRUE
"49",29408,"Syn",147.5,0.063014021006738,589,TRUE,TRUE,TRUE,TRUE,FALSE
"50",29426,"Syn",4.5,0.0357984365642209,751,TRUE,TRUE,TRUE,TRUE,FALSE
"51",29434,"Syn",0,0.163240495137047,388,TRUE,TRUE,TRUE,TRUE,TRUE
"52",29436,"Syn",465,0.0358929582235255,318,TRUE,TRUE,TRUE,TRUE,TRUE
"53",29457,"Syn",451.5,0.113284409234615,294,TRUE,TRUE,TRUE,TRUE,TRUE
"54",29463,"Syn",824.5,0.140466464669702,341,TRUE,TRUE,TRUE,TRUE,TRUE
"55",29485,"Syn",141,0.198626953822439,318,TRUE,TRUE,TRUE,TRUE,TRUE
"56",29489,"Syn",1697.44873046875,0.434584723763568,415,TRUE,FALSE,TRUE,TRUE,TRUE
"57",29497,"Syn",39,0.0815134356828031,427,TRUE,TRUE,TRUE,TRUE,TRUE
"58",29514,"Syn",25.5,0.0124680132070918,339,TRUE,TRUE,TRUE,TRUE,TRUE
"59",29526,"Syn",16,0.0637392994409504,393,TRUE,TRUE,TRUE,TRUE,TRUE
"60",29530,"Syn",48,0.433604872256705,218,TRUE,FALSE,TRUE,TRUE,TRUE
"61",29535,"Syn",6.5,0.299855601110779,377,TRUE,FALSE,TRUE,TRUE,TRUE
"62",29544,"Syn",1.5,0.832911522448588,432,TRUE,FALSE,TRUE,TRUE,TRUE
"63",29548,"Syn",288,0.0521525392144154,289,TRUE,TRUE,TRUE,TRUE,TRUE
"64",29571,"Syn",336,0.763477256518693,471,TRUE,FALSE,TRUE,TRUE,TRUE
"65",29578,"Syn",638,0.171170667414753,234,TRUE,TRUE,TRUE,TRUE,TRUE
"66",29599,"Syn",19179,0.25270526217435,397,TRUE,FALSE,TRUE,TRUE,TRUE
"67",29696,"Syn",6.5,0.0126695946914064,676,TRUE,TRUE,FALSE,TRUE,FALSE
"68",29704,"Syn",89.5,0.0636378051252692,270,TRUE,TRUE,TRUE,TRUE,TRUE
"69",29711,"Syn",4,0.0315126817159079,270,TRUE,TRUE,TRUE,TRUE,TRUE
"70",29775,"Syn",2250.5,0.0786713934725144,429,TRUE,TRUE,TRUE,TRUE,TRUE
"71",29784,"Syn",90,0.13525736465456,311,TRUE,TRUE,TRUE,TRUE,TRUE
"72",29818,"Syn",0,0.0382094927035571,345,TRUE,TRUE,TRUE,TRUE,TRUE
"73",29844,"Syn",28.5,0.119072866755688,331,TRUE,TRUE,TRUE,TRUE,TRUE
"74",29851,"Syn",276.5,0.0281113520744847,447,TRUE,TRUE,TRUE,TRUE,TRUE
"75",29863,"Syn",282,0.47189168269024,378,TRUE,FALSE,TRUE,TRUE,TRUE
"76",29864,"Syn",3910,0.108762399622107,333,TRUE,TRUE,TRUE,TRUE,TRUE
"77",29995,"Syn",79.9997255199996,0.114831196802693,316,TRUE,TRUE,TRUE,TRUE,TRUE
"78",30103,"Syn",489,0.977043147860723,339,FALSE,FALSE,TRUE,TRUE,TRUE
"79",30159,"Syn",4,0.0676691430770299,277,TRUE,TRUE,TRUE,TRUE,TRUE
"80",30259,"Syn",745,0.191438325739596,408,TRUE,TRUE,TRUE,TRUE,TRUE
"81",30321,"Syn",158.5,0.257542982084811,430,FALSE,FALSE,TRUE,TRUE,TRUE
"82",30642,"Syn",209,0.0653431835077486,268,TRUE,TRUE,TRUE,TRUE,TRUE
"83",30648,"Syn",577.5,0.321197329936111,345,TRUE,FALSE,TRUE,TRUE,TRUE
"84",30650,"Syn",5,0.212549289045082,352,TRUE,FALSE,TRUE,TRUE,TRUE
"85",30653,"Syn",700,0.115904823398834,318,TRUE,TRUE,TRUE,TRUE,TRUE
"86",30654,"Syn",2.91038304567337e-11,0.0311905958022091,2582,FALSE,TRUE,FALSE,FALSE,FALSE
"87",30658,"Syn",275,0.402859473232997,379,TRUE,FALSE,TRUE,TRUE,TRUE
"88",30662,"Syn",935,0.162429938687726,350,TRUE,TRUE,TRUE,TRUE,TRUE
"89",30679,"Syn",306,0.0991110309382753,266,TRUE,TRUE,TRUE,TRUE,TRUE
"90",30681,"Syn",257,1.03332131067731,553,TRUE,FALSE,TRUE,TRUE,FALSE
"91",30686,"Syn",56.5,0.182794195421323,370,TRUE,TRUE,TRUE,TRUE,TRUE
"92",30694,"Syn",23.5,0.0710623337375253,330,TRUE,TRUE,TRUE,TRUE,TRUE
"93",30721,"Syn",1242,0.0798054681165641,492,TRUE,TRUE,TRUE,TRUE,TRUE
"94",30725,"Syn",21,0.00116761951922211,1823,TRUE,TRUE,FALSE,TRUE,FALSE
"95",30756,"Syn",1015,0.426498803369119,312,TRUE,FALSE,TRUE,TRUE,TRUE
"96",30799,"Syn",108.5,0.20427349803727,318,TRUE,FALSE,TRUE,TRUE,TRUE
"97",30838,"Syn",148,0.03822976662428,279,TRUE,TRUE,TRUE,TRUE,TRUE
"98",30883,"Syn",54.5,0.016229347959752,374,TRUE,TRUE,TRUE,TRUE,TRUE
"99",30889,"Syn",1,0.0499162347100487,728,TRUE,TRUE,TRUE,TRUE,FALSE
"100",30892,"Syn",110,0.272571888753763,409,TRUE,FALSE,TRUE,TRUE,TRUE
"101",30893,"Syn",279,0.0814786572231126,340,TRUE,TRUE,TRUE,TRUE,TRUE
"102",30900,"Syn",42.5,0.123003371530341,426,TRUE,TRUE,TRUE,TRUE,TRUE
"103",30937,"Syn",4.5,0.231311810782426,254,TRUE,FALSE,TRUE,TRUE,TRUE
"104",30984,"Syn",531.5,0.174309333872509,350,FALSE,TRUE,TRUE,TRUE,TRUE
"105",31065,"Syn",241,0.351951231343247,312,TRUE,FALSE,TRUE,TRUE,TRUE
"106",31076,"Syn",1268.5,0.187908884951194,288,TRUE,TRUE,TRUE,TRUE,TRUE
"107",31236,"Syn",40,0.0375708892849249,391,TRUE,TRUE,TRUE,TRUE,TRUE
"108",31403,"Syn",157,0.0611926273018141,394,TRUE,TRUE,TRUE,TRUE,TRUE
"109",31406,"Syn",4302,0.103167569977212,277,TRUE,TRUE,TRUE,TRUE,TRUE
"110",31561,"Syn",1,0.000312985914204701,1909,TRUE,TRUE,FALSE,TRUE,FALSE
"111",31795,"Syn",3,0.13275297457965,620,FALSE,TRUE,TRUE,TRUE,FALSE
"112",31887,"Syn",48,0.0222469934782029,1914,TRUE,TRUE,TRUE,FALSE,FALSE
"113",32074,"Syn",5520,0.236312255375545,505,TRUE,FALSE,FALSE,TRUE,FALSE
"114",32145,"Ctl",7680.5,0.308336667636646,1893,FALSE,FALSE,FALSE,FALSE,FALSE
"115",32190,"Ctl",0,0.0676220664995274,2193,FALSE,TRUE,FALSE,FALSE,FALSE
"116",32513,"Ctl",0,0,2610,FALSE,TRUE,FALSE,FALSE,FALSE
"117",32633,"Ctl",0,0.000686729203787164,2071,FALSE,TRUE,FALSE,TRUE,FALSE
"118",32846,"Ctl",0,0.00322980227992999,2459,FALSE,TRUE,FALSE,FALSE,FALSE
"119",32959,"Ctl",0,0.0199687754048607,2574,FALSE,TRUE,FALSE,FALSE,FALSE
"120",33010,"Ctl",2437.5,0.84104990100689,682,TRUE,FALSE,TRUE,TRUE,FALSE
"121",33160,"Syn",1385,0.318061296679401,206,TRUE,FALSE,TRUE,TRUE,TRUE
"122",33168,"Syn",0,0,2346,TRUE,TRUE,TRUE,FALSE,FALSE
"123",33327,"Ctl",0,0.0155599732461356,2406,FALSE,TRUE,FALSE,FALSE,FALSE
"124",33342,"Ctl",0,0.0625294451155493,2339,FALSE,TRUE,FALSE,FALSE,FALSE
"125",33344,"Syn",1,0.145723139863613,684,TRUE,TRUE,TRUE,TRUE,FALSE
"126",33361,"Ctl",74,0.000294655997130307,2610,TRUE,TRUE,FALSE,FALSE,FALSE
"127",33531,"Syn",287,0.0689087622432975,697,FALSE,TRUE,TRUE,TRUE,FALSE
"128",33653,"Syn",0,0.0115357811631191,2532,TRUE,TRUE,FALSE,FALSE,FALSE
"129",34096,"Ctl",6822.5,0.680403169627308,674,FALSE,FALSE,TRUE,TRUE,FALSE
"130",34364,"Ctl",0,0,2380,FALSE,TRUE,FALSE,FALSE,FALSE
"131",34405,"Ctl",0,0,2598,FALSE,TRUE,FALSE,TRUE,FALSE
"132",34416,"Ctl",0,0,2620,FALSE,TRUE,FALSE,FALSE,FALSE
"133",34433,"Ctl",326,0.419557681832123,551,TRUE,FALSE,TRUE,TRUE,FALSE
"134",34457,"Ctl",0,0.00348785210685821,2504,TRUE,TRUE,FALSE,FALSE,FALSE
"135",34464,"Ctl",16462.5,0.566641537185147,538,TRUE,FALSE,TRUE,TRUE,FALSE
"136",34469,"Ctl",4900.5,0.712058896427797,419,FALSE,FALSE,TRUE,TRUE,TRUE
"137",34720,"Ctl",0,0,2670,FALSE,TRUE,FALSE,FALSE,FALSE
"138",34732,"Ctl",3165.5,0.212117136008692,272,FALSE,FALSE,TRUE,TRUE,TRUE
"139",34753,"Ctl",0,0.00300158008884677,2670,FALSE,TRUE,FALSE,FALSE,FALSE
"140",34757,"Ctl",22080.5,0.842287387926172,1731,FALSE,FALSE,TRUE,FALSE,FALSE
"141",34771,"Ctl",0,0,2542,TRUE,TRUE,FALSE,FALSE,FALSE
"142",34966,"Ctl",4618,0.235965834623411,2367,FALSE,FALSE,FALSE,FALSE,FALSE
"143",35070,"Ctl",0,0.00380688241944601,2223,FALSE,TRUE,FALSE,FALSE,FALSE
"144",35415,"Ctl",0,0,2548,FALSE,TRUE,FALSE,FALSE,FALSE
"145",35430,"Ctl",78,0.0393146149215283,310,FALSE,TRUE,TRUE,TRUE,TRUE
"146",35554,"Ctl",24,0.00227636691425657,2285,FALSE,TRUE,FALSE,TRUE,FALSE
"147",35556,"Ctl",723,0.238650597047641,2049,FALSE,FALSE,TRUE,FALSE,FALSE
"148",35666,"Ctl",0,0,2567,FALSE,TRUE,FALSE,FALSE,FALSE
"149",35732,"Ctl",9644.5,0.347280846091477,1335,FALSE,FALSE,TRUE,TRUE,FALSE
"150",35733,"Ctl",0,0.00414190161656774,2393,FALSE,TRUE,FALSE,FALSE,FALSE
"151",35736,"Ctl",2,4.22485028773578e-05,2487,FALSE,TRUE,FALSE,FALSE,FALSE
"152",35992,"Ctl",650,0.105193468797077,1600,FALSE,TRUE,FALSE,TRUE,FALSE
"153",35994,"Ctl",0,0.00297255295092398,2439,TRUE,TRUE,FALSE,FALSE,FALSE
"154",36050,"Ctl",0,0.0401835351077382,2452,FALSE,TRUE,FALSE,FALSE,FALSE
"155",36059,"Ctl",0,5.1042789608038e-05,2460,FALSE,TRUE,FALSE,FALSE,FALSE
"156",36062,"Ctl",846.5,0.973816224472715,1318,FALSE,FALSE,TRUE,TRUE,FALSE
"157",36067,"Ctl",28137,1.32004859552913,669,FALSE,FALSE,TRUE,TRUE,FALSE
"158",36096,"Ctl",15050,0.602091061628344,2534,FALSE,FALSE,TRUE,FALSE,FALSE
"159",36196,"Ctl",1,0.000351692626271721,2172,FALSE,TRUE,FALSE,TRUE,FALSE
"160",36344,"Ctl",14,0.135145664652775,967,TRUE,TRUE,FALSE,FALSE,FALSE
"161",36403,"Ctl",1545,0.105640536717205,2232,FALSE,TRUE,FALSE,FALSE,FALSE
"162",36525,"Ctl",5312.5,0.188317952732117,1789,FALSE,TRUE,FALSE,FALSE,FALSE
"163",36540,"Ctl",0,0,2670,FALSE,TRUE,FALSE,FALSE,FALSE
"164",36660,"Ctl",41.5,0.00273086031455634,2429,FALSE,TRUE,TRUE,FALSE,FALSE
"165",36737,"Ctl",102,0.00983086787499369,2456,FALSE,TRUE,FALSE,FALSE,FALSE
"166",36795,"Ctl",0,0,2670,FALSE,TRUE,FALSE,TRUE,FALSE
"167",36796,"Ctl",658.5,0.0375943083429258,1901,FALSE,TRUE,FALSE,FALSE,FALSE
"168",36820,"Ctl",1111,0.127668781687514,1987,FALSE,TRUE,TRUE,FALSE,FALSE
"169",36828,"Ctl",1552,1.6036510695267,2066,FALSE,FALSE,TRUE,TRUE,FALSE
"170",36911,"Ctl",0,0.0465565245821667,2650,FALSE,TRUE,TRUE,FALSE,FALSE
"171",36918,"Ctl",0,0.00232614956866443,2494,FALSE,TRUE,TRUE,FALSE,FALSE
"172",37055,"Ctl",0,0.0199305929209751,2256,FALSE,TRUE,FALSE,TRUE,FALSE
"173",37078,"Ctl",2,0.00463504053278492,2061,FALSE,TRUE,FALSE,FALSE,FALSE
"174",37578,"Ctl",195,0.107996081608738,225,FALSE,TRUE,TRUE,TRUE,TRUE
"175",37637,"Ctl",12,0.019501149826623,1349,FALSE,TRUE,FALSE,FALSE,FALSE
"176",37643,"Ctl",0,0,2670,FALSE,TRUE,FALSE,TRUE,FALSE
"177",37652,"Ctl",39.5,0.0302307602543906,304,FALSE,TRUE,FALSE,TRUE,TRUE
"178",37662,"Ctl",170,0.023234377404605,1471,FALSE,TRUE,FALSE,FALSE,FALSE
"179",37904,"Ctl",21,0.000911902511199704,2374,FALSE,TRUE,FALSE,FALSE,FALSE
"180",37928,"Ctl",0,0,2670,FALSE,TRUE,FALSE,TRUE,FALSE
"181",38140,"Ctl",0,5.38660842973439e-05,2574,FALSE,TRUE,FALSE,FALSE,FALSE
"182",38175,"Ctl",3721,1.43387370381631,1464,FALSE,FALSE,TRUE,TRUE,FALSE
"183",38176,"Ctl",1164,0.171910566398683,2135,FALSE,TRUE,TRUE,TRUE,FALSE
"184",38181,"Ctl",0,0,2670,FALSE,TRUE,FALSE,TRUE,FALSE
"185",38226,"Ctl",108,0.0022519216397993,1999,FALSE,TRUE,FALSE,FALSE,FALSE
"186",38379,"Ctl",278,0.00745856163913264,2182,FALSE,TRUE,FALSE,FALSE,FALSE
"187",38444,"Ctl",45.5,0.0420631230028139,1630,FALSE,TRUE,FALSE,TRUE,FALSE
"188",38626,"Ctl",4784,0.275599093462874,1616,FALSE,FALSE,TRUE,FALSE,FALSE
"189",38637,"Ctl",326.5,0.332578936152476,350,TRUE,FALSE,TRUE,TRUE,TRUE
"190",38704,"Ctl",0,0,2548,FALSE,TRUE,FALSE,FALSE,FALSE
"191",38750,"Ctl",53747,0.867903574012787,1711,FALSE,FALSE,TRUE,TRUE,FALSE
"192",38791,"Syn",5,0.0990397334275761,2260,TRUE,TRUE,TRUE,FALSE,FALSE
"193",38813,"Syn",0,0.000969034046515262,2360,FALSE,TRUE,FALSE,TRUE,FALSE
"194",38815,"Syn",997,0.100878925849666,341,TRUE,TRUE,TRUE,TRUE,TRUE
"195",38820,"Syn",0,0.00478599811422414,2670,TRUE,TRUE,FALSE,FALSE,FALSE
"196",38822,"Ctl",163.5,0.0174548080400262,2558,TRUE,TRUE,TRUE,FALSE,FALSE
"197",38837,"Syn",0,1.68710265358303e-05,2386,FALSE,TRUE,FALSE,FALSE,FALSE
"198",38862,"Ctl",8952,0.343095048091058,2284,FALSE,FALSE,FALSE,FALSE,FALSE
"199",38908,"Syn",4233,0.569712080234393,304,FALSE,FALSE,TRUE,TRUE,TRUE
"200",38916,"Ctl",0,0,2610,FALSE,TRUE,FALSE,FALSE,FALSE
"201",39032,"Ctl",0,0,2670,TRUE,TRUE,FALSE,TRUE,FALSE
"202",39188,"Syn",250,0.267001420130167,422,TRUE,FALSE,TRUE,TRUE,TRUE
"203",39200,"Syn",146.5,0.0614895141807559,294,TRUE,TRUE,TRUE,TRUE,TRUE
"204",39208,"Syn",33,0.0130265668574784,268,TRUE,TRUE,TRUE,TRUE,TRUE
"205",39216,"Syn",41.5,0.00756090613585336,431,TRUE,TRUE,TRUE,TRUE,TRUE
"206",39217,"Syn",36.5,0.183181905541296,363,TRUE,TRUE,TRUE,TRUE,TRUE
"207",39236,"Syn",379,0.172268466746711,308,TRUE,TRUE,TRUE,TRUE,TRUE
"208",39237,"Syn",406,0.237431763165695,349,TRUE,FALSE,TRUE,TRUE,TRUE
"209",39254,"Syn",113.5,0.200949688873394,429,TRUE,TRUE,TRUE,TRUE,TRUE
"210",39266,"Syn",10,0.692686250046903,316,FALSE,FALSE,TRUE,TRUE,TRUE
"211",39285,"Syn",497.104561154396,0.320690684144389,397,TRUE,FALSE,TRUE,TRUE,TRUE
"212",39381,"Syn",46.5901620299701,0.0472797474873812,404,FALSE,TRUE,TRUE,TRUE,TRUE
"213",39386,"Ctl",186.5,0.108561283306307,344,TRUE,TRUE,TRUE,TRUE,TRUE
"214",39492,"Syn",6.5,0.0992556781064813,352,TRUE,TRUE,TRUE,TRUE,TRUE
"215",39524,"Syn",518,0.100671623296588,311,TRUE,TRUE,TRUE,TRUE,TRUE
"216",40048,"Syn",59.5,0.0334548391982632,385,TRUE,TRUE,TRUE,TRUE,TRUE
"217",40867,"Syn",2336,1.78719332020057,509,FALSE,FALSE,TRUE,TRUE,FALSE
"218",42688,"Ctl",0,0.00202073725476108,2583,FALSE,TRUE,FALSE,FALSE,FALSE
"219",42698,"Ctl",14.5,0.19996768908732,438,FALSE,TRUE,TRUE,TRUE,TRUE
"220",43416,"Ctl",28062,1.59682921915034,244,FALSE,FALSE,TRUE,TRUE,TRUE
"221",44133,"Ctl",1.5,0.0379951775406602,342,FALSE,TRUE,TRUE,TRUE,TRUE
"222",44137,"Ctl",2.5,0.000460983745184628,2103,FALSE,TRUE,FALSE,FALSE,FALSE
"223",44140,"Ctl",1501.5,0.247985371493616,264,FALSE,FALSE,TRUE,TRUE,TRUE
"224",44141,"Ctl",0,0,2454,FALSE,TRUE,FALSE,TRUE,FALSE
"225",44183,"Ctl",1,0.0535706079367966,265,FALSE,TRUE,TRUE,TRUE,TRUE
"226",44293,"Ctl",315,0.256733391778687,301,FALSE,FALSE,TRUE,TRUE,TRUE
"227",44296,"Ctl",12,0.0529045201905626,488,FALSE,TRUE,FALSE,TRUE,TRUE
"228",44298,"Ctl",133,0.131510485215408,311,FALSE,TRUE,TRUE,TRUE,TRUE
"229",44301,"Ctl",53.5,0.0651510166556998,2420,FALSE,TRUE,FALSE,FALSE,FALSE
"230",44306,"Ctl",19.5,0.0868732300516409,306,FALSE,TRUE,TRUE,TRUE,TRUE
"231",44307,"Ctl",4,0.0448196040868455,289,FALSE,TRUE,TRUE,TRUE,TRUE
"232",44308,"Ctl",178,0.030100676995656,416,FALSE,TRUE,TRUE,TRUE,TRUE
"233",44309,"Ctl",590,0.0859158146094731,469,FALSE,TRUE,TRUE,TRUE,TRUE
"234",44340,"Ctl",0,0.152886688337075,1909,FALSE,TRUE,FALSE,TRUE,FALSE
"235",44341,"Ctl",0,0.278125631398168,361,FALSE,FALSE,TRUE,TRUE,TRUE
"236",44347,"Ctl",5218,0.75415091083701,298,TRUE,FALSE,TRUE,TRUE,TRUE
"237",44351,"Ctl",2,0.0367571489648595,272,FALSE,TRUE,TRUE,TRUE,TRUE
"238",44352,"Ctl",0,0,2530,FALSE,TRUE,FALSE,FALSE,FALSE
"239",44371,"Ctl",4237,1.06092257764375,340,FALSE,FALSE,TRUE,TRUE,TRUE
"240",44414,"Ctl",0,0,2670,FALSE,TRUE,FALSE,FALSE,FALSE
"241",44415,"Ctl",0,0,2640,FALSE,TRUE,TRUE,FALSE,FALSE
"242",44427,"Ctl",221.999999999971,0.0512829635044538,386,FALSE,TRUE,TRUE,TRUE,TRUE
"243",44453,"Ctl",103,0.422721670433275,1998,FALSE,FALSE,TRUE,FALSE,FALSE
"244",44489,"Ctl",10,2.00529825128053,352,FALSE,FALSE,TRUE,TRUE,TRUE
"245",44540,"Ctl",18537,2.66993919020219,654,FALSE,FALSE,TRUE,TRUE,FALSE
"246",44557,"Ctl",0,0.000307380222188257,2435,FALSE,TRUE,FALSE,FALSE,FALSE
"247",44569,"Ctl",312,0.01794422322253,2402,TRUE,TRUE,FALSE,FALSE,FALSE
"248",44582,"Ctl",2340,0.237713437102545,564,FALSE,FALSE,TRUE,TRUE,FALSE
"249",44588,"Ctl",15,2.6388479195037,466,FALSE,FALSE,TRUE,TRUE,TRUE
"250",44589,"Ctl",4,0.738087204760208,216,FALSE,FALSE,TRUE,TRUE,TRUE
"251",44590,"Ctl",15,0.266084841880833,499,FALSE,FALSE,TRUE,TRUE,TRUE
"252",44618,"Ctl",126900,1.34653509219197,314,FALSE,FALSE,TRUE,TRUE,TRUE
"253",44627,"Ctl",93.5,0.0452549014222479,398,FALSE,TRUE,TRUE,TRUE,TRUE
"254",44645,"Ctl",0,0.00219837662099743,2466,FALSE,TRUE,FALSE,FALSE,FALSE
"255",44666,"Ctl",15,0.307194008326377,342,FALSE,FALSE,TRUE,TRUE,TRUE
"256",44671,"Ctl",0,0,2479,FALSE,TRUE,FALSE,FALSE,FALSE
"257",44672,"Ctl",28,0.19776203097177,318,TRUE,TRUE,TRUE,TRUE,TRUE
"258",44685,"Ctl",587.5,0.0816815800475656,385,FALSE,TRUE,TRUE,TRUE,TRUE
"259",44692,"Ctl",11,0.000490213397399661,2600,FALSE,TRUE,FALSE,FALSE,FALSE
"260",44695,"Ctl",0,0.100414668922474,265,FALSE,TRUE,TRUE,TRUE,TRUE
"261",44731,"Ctl",69,0.0566057109474159,311,TRUE,TRUE,TRUE,TRUE,TRUE
"262",44733,"Ctl",66,2.32211147504581,604,FALSE,FALSE,TRUE,TRUE,FALSE
"263",44773,"Ctl",3,0.178192962459431,368,FALSE,TRUE,TRUE,TRUE,TRUE
"264",44784,"Ctl",139.5,0.0710909355159139,270,FALSE,TRUE,TRUE,TRUE,TRUE
"265",44787,"Ctl",162,0.0481710278086255,417,FALSE,TRUE,TRUE,TRUE,TRUE
"266",44833,"Ctl",0,0.0285105427167683,386,FALSE,TRUE,TRUE,TRUE,TRUE
"267",44857,"Ctl",35146,2.33508032702789,498,FALSE,FALSE,TRUE,TRUE,TRUE
"268",44871,"Ctl",4026,0.150895499768213,226,FALSE,TRUE,TRUE,TRUE,TRUE
"269",44956,"Ctl",240,0.0568596192684569,664,FALSE,TRUE,FALSE,TRUE,FALSE
"270",44973,"Ctl",625,0.141974254633669,496,FALSE,TRUE,TRUE,TRUE,TRUE
"271",45041,"Ctl",30563.5,1.50529789399067,466,FALSE,FALSE,TRUE,TRUE,TRUE
"272",45043,"Ctl",27354,2.01632489564838,488,FALSE,FALSE,TRUE,TRUE,TRUE
"273",45047,"Ctl",7909.5,0.31809463147764,314,TRUE,FALSE,TRUE,TRUE,TRUE
"274",45169,"Ctl",0,0.0478500440181103,384,FALSE,TRUE,TRUE,TRUE,TRUE
"275",45280,"Ctl",9975,0.287059802121593,1205,FALSE,FALSE,FALSE,TRUE,FALSE
"276",45282,"Ctl",0,0,2514,FALSE,TRUE,FALSE,FALSE,FALSE
"277",45290,"Ctl",1440.5,0.866480902839687,358,FALSE,FALSE,TRUE,TRUE,TRUE
"278",45292,"Ctl",29890,0.185207991242474,253,FALSE,TRUE,TRUE,TRUE,TRUE
"279",45299,"Ctl",33,0.0894254480027631,299,FALSE,TRUE,TRUE,TRUE,TRUE
"280",45300,"Ctl",25,0.0188175501801338,203,FALSE,TRUE,TRUE,TRUE,TRUE
"281",45363,"Ctl",6937.5,0.466069891579739,2053,TRUE,FALSE,TRUE,FALSE,FALSE
"282",45369,"Ctl",6.5,0.0452723377158925,393,FALSE,TRUE,TRUE,TRUE,TRUE
"283",45376,"Ctl",0,0.192819613378693,364,FALSE,TRUE,TRUE,TRUE,TRUE
"284",45409,"Ctl",0,6.28513389849257e-06,2620,FALSE,TRUE,FALSE,FALSE,FALSE
"285",45475,"Ctl",430,0.125908401926672,410,FALSE,TRUE,TRUE,TRUE,TRUE
"286",45714,"Ctl",38292.5,4.03450699498866,1942,FALSE,FALSE,TRUE,TRUE,FALSE
"287",45720,"Ctl",7,0.0175372343111021,160,FALSE,TRUE,TRUE,TRUE,TRUE
"288",45727,"Syn",391,0.0882337014918289,312,TRUE,TRUE,TRUE,TRUE,TRUE
"289",45728,"Syn",4.5,0.179102770963542,357,TRUE,TRUE,TRUE,TRUE,TRUE
"290",45731,"Syn",309,0.198228064468262,313,TRUE,TRUE,TRUE,TRUE,TRUE
"291",45733,"Ctl",67,0.485783816569224,249,FALSE,FALSE,TRUE,TRUE,TRUE
"292",45734,"Syn",4,0.0306877606520292,306,TRUE,TRUE,TRUE,TRUE,TRUE
"293",45736,"Syn",774,0.282358538545485,299,FALSE,FALSE,TRUE,TRUE,TRUE
"294",45743,"Syn",378,0.0436545084581509,287,TRUE,TRUE,TRUE,TRUE,TRUE
"295",45748,"Syn",100,0.0338132688041944,258,TRUE,TRUE,TRUE,TRUE,TRUE
"296",45759,"Syn",1023,0.10285849771219,321,TRUE,TRUE,TRUE,TRUE,TRUE
"297",45760,"Syn",80,0.0231913549363711,268,TRUE,TRUE,TRUE,TRUE,TRUE
"298",45763,"Syn",4,0.0506279726516052,348,TRUE,TRUE,TRUE,TRUE,TRUE
"299",45775,"Syn",484.5,0.0532162828146308,370,TRUE,TRUE,TRUE,TRUE,TRUE
"300",45776,"Syn",767,0.36672253395535,294,TRUE,FALSE,TRUE,TRUE,TRUE
"301",45782,"Syn",563.5,0.124364457670546,429,FALSE,TRUE,TRUE,TRUE,TRUE
"302",45784,"Ctl",0,0.193694280211321,2620,FALSE,TRUE,FALSE,FALSE,FALSE
"303",45791,"Syn",639.5,0.0192252789915752,294,TRUE,TRUE,TRUE,TRUE,TRUE
"304",45819,"Syn",57,0.119449308548851,296,TRUE,TRUE,TRUE,TRUE,TRUE
"305",45820,"Ctl",0,0.000106624641409095,2393,FALSE,TRUE,FALSE,FALSE,FALSE
"306",45829,"Ctl",5.5,1.89506668497469,421,FALSE,FALSE,TRUE,TRUE,TRUE
"307",45878,"Ctl",12294,0.347090617375502,366,FALSE,FALSE,TRUE,TRUE,TRUE
"308",45905,"Syn",1181.5,0.134321922699887,323,TRUE,TRUE,TRUE,TRUE,TRUE
"309",45920,"Syn",787.5,0.32627393543821,335,TRUE,FALSE,TRUE,TRUE,TRUE
"310",45948,"Ctl",113.5,0.155871380427235,311,TRUE,TRUE,TRUE,TRUE,TRUE
"311",46082,"Ctl",0,0.170143614049381,2284,FALSE,TRUE,TRUE,FALSE,FALSE
"312",46110,"Ctl",621.5,0.302557677523969,332,FALSE,FALSE,TRUE,TRUE,TRUE
"313",46112,"Ctl",3,0.00156559143583946,2178,FALSE,TRUE,FALSE,FALSE,FALSE
"314",46125,"Syn",270,0.114384485151475,502,TRUE,TRUE,TRUE,TRUE,FALSE
"315",46126,"Ctl",263,0.0661317896033186,251,TRUE,TRUE,TRUE,TRUE,TRUE
"316",46130,"Ctl",20469.5,1.21462022762364,1430,FALSE,FALSE,TRUE,FALSE,FALSE
"317",46150,"Ctl",61870,3.62283328835994,799,FALSE,FALSE,TRUE,TRUE,FALSE
"318",46182,"Ctl",0,0.00924089060442155,2321,FALSE,TRUE,FALSE,FALSE,FALSE
"319",46214,"Ctl",49.5,0.0415870453127461,292,TRUE,TRUE,TRUE,TRUE,TRUE
"320",46243,"Ctl",0,0,2670,FALSE,TRUE,FALSE,FALSE,FALSE
"321",46264,"Ctl",7.5,0.477159661215874,1003,FALSE,FALSE,TRUE,TRUE,FALSE
"322",46288,"Syn",828,0.0918505447584192,358,TRUE,TRUE,TRUE,TRUE,TRUE
"323",46293,"Ctl",39,0.139626640756838,283,FALSE,TRUE,TRUE,TRUE,TRUE
"324",46297,"Ctl",19,0.00234094513805921,2264,FALSE,TRUE,FALSE,TRUE,FALSE
"325",46299,"Ctl",0,0.0556539287879328,337,FALSE,TRUE,TRUE,TRUE,TRUE
"326",46308,"Ctl",235,0.116922192285324,364,FALSE,TRUE,TRUE,TRUE,TRUE
"327",46313,"Ctl",207,0.627089837643095,229,FALSE,FALSE,TRUE,TRUE,TRUE
"328",46315,"Ctl",858,0.365676940999831,261,FALSE,FALSE,TRUE,TRUE,TRUE
"329",46320,"Ctl",1,2.19219772083293,318,FALSE,FALSE,TRUE,TRUE,TRUE
"330",46358,"Ctl",174.5,0.021699922143536,475,FALSE,TRUE,FALSE,TRUE,TRUE
"331",46363,"Ctl",2973.5,0.415871892164996,2364,FALSE,FALSE,TRUE,FALSE,FALSE
"332",46378,"Ctl",13190,1.21022529605369,334,FALSE,FALSE,TRUE,TRUE,TRUE
"333",46419,"Ctl",3851.5,0.928390895111131,423,TRUE,FALSE,TRUE,TRUE,TRUE
"334",46439,"Ctl",24,0.0828373807239865,324,FALSE,TRUE,TRUE,TRUE,TRUE
"335",46473,"Syn",8,0.116743434333876,326,TRUE,TRUE,TRUE,TRUE,TRUE
"336",46480,"Ctl",0,0.0588248839465697,2334,FALSE,TRUE,FALSE,TRUE,FALSE
"337",46545,"Ctl",0,0,2635,FALSE,TRUE,FALSE,FALSE,FALSE
"338",46555,"Ctl",3373,0.193224143862022,312,FALSE,TRUE,TRUE,TRUE,TRUE
"339",46572,"Ctl",70,0.00668202764976959,1612,FALSE,TRUE,FALSE,FALSE,FALSE
"340",46583,"Syn",67.5,0.12069824974535,294,TRUE,TRUE,TRUE,TRUE,TRUE
"341",46603,"Syn",715,0.144982671248835,295,TRUE,TRUE,TRUE,TRUE,TRUE
"342",46604,"Ctl",42,0.0174723784060079,254,FALSE,TRUE,TRUE,TRUE,TRUE
"343",46613,"Syn",43.5,0.188243175785547,292,TRUE,TRUE,TRUE,TRUE,TRUE
"344",46636,"Syn",298,0.108810151271514,360,TRUE,TRUE,TRUE,TRUE,TRUE
"345",46639,"Syn",7.3969126426673,0.832318437153409,415,FALSE,FALSE,TRUE,TRUE,TRUE
"346",46643,"Ctl",0,0,2465,FALSE,TRUE,FALSE,FALSE,FALSE
"347",46693,"Syn",170,3.94575384818234,367,FALSE,FALSE,TRUE,TRUE,TRUE
"348",46706,"Syn",4186.5,0.130953668470939,377,TRUE,TRUE,TRUE,TRUE,TRUE
"349",46730,"Syn",1639,2.67001420744774,474,FALSE,FALSE,TRUE,TRUE,TRUE
"350",46740,"Syn",9,0.0917446864548703,366,TRUE,TRUE,TRUE,TRUE,TRUE
"351",46742,"Syn",19.5,0.0878615766497741,325,TRUE,TRUE,TRUE,TRUE,TRUE
"352",46746,"Syn",77.5,0.0748118846860797,335,TRUE,TRUE,TRUE,TRUE,TRUE
"353",46751,"Syn",16,1.27978216734749,416,FALSE,FALSE,TRUE,TRUE,TRUE
"354",46802,"Syn",687,0.0928399763305003,436,FALSE,TRUE,TRUE,TRUE,TRUE
"355",46811,"Syn",49,0.0481445884699946,364,TRUE,TRUE,TRUE,TRUE,TRUE
"356",46868,"Syn",59.5,0.110070028841057,363,TRUE,TRUE,TRUE,TRUE,TRUE
"357",47191,"Syn",175.5,0.0720290224177881,261,TRUE,TRUE,TRUE,TRUE,TRUE
"358",47246,"Syn",2032,0.178362509917799,288,TRUE,TRUE,TRUE,TRUE,TRUE
"359",48114,"Syn",2184,1.38327606062897,495,TRUE,FALSE,TRUE,TRUE,TRUE
"360",48243,"Ctl",102996,1.83453315823313,686,FALSE,FALSE,TRUE,TRUE,FALSE
"361",48245,"Ctl",316,0.705055305770703,1556,FALSE,FALSE,TRUE,TRUE,FALSE
"362",48249,"Ctl",548.147842265854,0.0452891818312702,392,FALSE,TRUE,TRUE,TRUE,TRUE
"363",48373,"Ctl",1.5,0.041964966533932,333,FALSE,TRUE,TRUE,TRUE,TRUE
"364",48398,"Ctl",70778.5,3.1423872636022,682,FALSE,FALSE,TRUE,TRUE,FALSE
"365",48522,"Ctl",1239.5,0.125034506039804,284,TRUE,TRUE,TRUE,TRUE,TRUE
"366",48587,"Ctl",9296,2.26371840121606,513,FALSE,FALSE,TRUE,TRUE,FALSE
"367",48830,"Ctl",23979,0.349131868664824,314,FALSE,FALSE,TRUE,TRUE,TRUE
"368",48989,"Syn",87,0.0421479355289245,246,TRUE,TRUE,TRUE,TRUE,TRUE
"369",49011,"Ctl",2727,1.96850717157034,471,FALSE,FALSE,TRUE,TRUE,TRUE
"370",49326,"Ctl",129,0.325151231134731,1957,FALSE,FALSE,TRUE,FALSE,FALSE
"371",49369,"Ctl",2158.5,0.225731472228851,447,FALSE,FALSE,TRUE,TRUE,TRUE
"372",49393,"Ctl",69,0.260786447676202,266,TRUE,FALSE,TRUE,TRUE,TRUE
"373",49395,"Ctl",47,0.0164205656032995,191,TRUE,TRUE,TRUE,TRUE,TRUE
"374",49399,"Ctl",2819,0.244423418720582,126,FALSE,FALSE,TRUE,TRUE,TRUE
"375",49410,"Ctl",1608,0.226281890944826,386,FALSE,FALSE,TRUE,TRUE,TRUE
"376",49453,"Ctl",83.5,0.0162862460815047,1946,FALSE,TRUE,FALSE,FALSE,FALSE
"377",49483,"Ctl",120.000305175687,0.219747303601849,491,FALSE,FALSE,FALSE,FALSE,TRUE
"378",49547,"Ctl",72,0.0125225832022312,1544,FALSE,TRUE,FALSE,TRUE,FALSE
"379",49620,"Ctl",0,0.00508469383671959,2524,FALSE,TRUE,FALSE,FALSE,FALSE
"380",49701,"Ctl",0,0.542762090261247,218,FALSE,FALSE,TRUE,TRUE,TRUE
"381",49733,"Ctl",0,0.040392539579267,371,TRUE,TRUE,TRUE,TRUE,TRUE
"382",50035,"Ctl",489,0.0108750207584546,2198,FALSE,TRUE,FALSE,FALSE,FALSE
"383",50392,"Ctl",3852,0.13900288121585,360,TRUE,TRUE,TRUE,TRUE,TRUE
"384",50501,"Ctl",4464,0.46628002992031,2562,FALSE,FALSE,FALSE,FALSE,FALSE
"385",52064,"Ctl",148,0.600163350724967,446,FALSE,FALSE,TRUE,TRUE,TRUE
"386",52174,"Ctl",3,0.0831924552340152,2175,FALSE,TRUE,FALSE,FALSE,FALSE
"387",52221,"Ctl",0,0,2503,FALSE,TRUE,FALSE,FALSE,FALSE
"388",52269,"Ctl",564,0.0461708153996296,397,FALSE,TRUE,TRUE,TRUE,TRUE
"389",52783,"Ctl",631,0.0421888774559649,395,FALSE,TRUE,TRUE,TRUE,TRUE
"390",52960,"Ctl",3640,0.0694338218512206,143,FALSE,TRUE,TRUE,TRUE,TRUE
"391",53238,"Ctl",87.5,0.180949511803238,232,FALSE,TRUE,TRUE,TRUE,TRUE
"392",53252,"Ctl",15803,1.39958742054952,2442,FALSE,FALSE,TRUE,FALSE,FALSE
"393",53284,"Ctl",78,0.2271344156303,310,FALSE,FALSE,TRUE,TRUE,TRUE
"394",53343,"Syn",2291,0.100268562602551,376,TRUE,TRUE,TRUE,TRUE,TRUE
"395",53347,"Syn",10164,0.871067346076607,434,TRUE,FALSE,TRUE,TRUE,TRUE
"396",53351,"Syn",34.5,0.163057782491004,265,TRUE,TRUE,TRUE,TRUE,TRUE
"397",53357,"Syn",901.5,0.129355388007704,316,TRUE,TRUE,TRUE,TRUE,TRUE
"398",53381,"Syn",427,0.237760387741707,369,TRUE,FALSE,TRUE,TRUE,TRUE
"399",53417,"Syn",824.5,0.866174899803388,495,TRUE,FALSE,TRUE,TRUE,TRUE
"400",53432,"Syn",442.5,0.175807177357772,330,TRUE,TRUE,TRUE,TRUE,TRUE
"401",53461,"Syn",35.5,0.138086755409467,263,TRUE,TRUE,TRUE,TRUE,TRUE
"402",53494,"Syn",2611.5,0.0739221034731015,261,TRUE,TRUE,TRUE,TRUE,TRUE
"403",53535,"Syn",102,0.382304770148464,326,FALSE,FALSE,TRUE,TRUE,TRUE
"404",53725,"Syn",21.5,0.119642042530295,275,TRUE,TRUE,TRUE,TRUE,TRUE
"405",53727,"Syn",501.5,0.201595943468982,264,TRUE,TRUE,TRUE,TRUE,TRUE
"406",53730,"Syn",678,0.197531008567798,325,TRUE,TRUE,TRUE,TRUE,TRUE
"407",53732,"Syn",0,0.028041915838252,266,TRUE,TRUE,TRUE,TRUE,TRUE
"408",53745,"Syn",0,3.34352327777624e-05,2329,TRUE,TRUE,FALSE,FALSE,FALSE
"409",53751,"Syn",5,0.0588620184783158,450,TRUE,TRUE,TRUE,TRUE,TRUE
"410",53759,"Syn",12,0.034930665344231,334,TRUE,TRUE,TRUE,TRUE,TRUE
"411",55397,"Syn",332,0.13181872605364,395,TRUE,TRUE,TRUE,TRUE,TRUE
"412",55459,"Syn",0,0.0351563429594726,343,TRUE,TRUE,TRUE,TRUE,TRUE
"413",55515,"Syn",913,0.0661808903445822,346,TRUE,TRUE,TRUE,TRUE,TRUE
"414",55774,"Syn",2.5,0.473666684173722,303,TRUE,FALSE,TRUE,TRUE,TRUE
"415",56173,"Syn",169.5,0.119705233255518,243,TRUE,TRUE,TRUE,TRUE,TRUE
"416",56211,"Syn",7080,0.60783496194682,2272,TRUE,FALSE,TRUE,FALSE,FALSE
"417",59738,"Syn",26.5,0.12804166963216,302,TRUE,TRUE,TRUE,TRUE,TRUE
"418",59741,"Syn",46.5,0.113812510955851,455,TRUE,TRUE,TRUE,TRUE,TRUE
"419",59742,"Syn",163.5,0.118373895715964,244,TRUE,TRUE,TRUE,TRUE,TRUE
"420",59749,"Syn",830,0.115726572436956,462,TRUE,TRUE,TRUE,TRUE,TRUE
"421",59750,"Syn",21.5,0.0395817436498789,374,TRUE,TRUE,TRUE,TRUE,TRUE
"422",59752,"Syn",620.5,0.0855748632731874,334,TRUE,TRUE,TRUE,TRUE,TRUE
"423",59774,"Syn",5643.5,0.571230909860447,352,TRUE,FALSE,TRUE,TRUE,TRUE
"424",59778,"Syn",63.3798676999977,0.106475492977078,351,TRUE,TRUE,TRUE,TRUE,TRUE
"425",59780,"Syn",19.5,0.0246101130727444,402,TRUE,TRUE,TRUE,TRUE,TRUE
"426",59785,"Syn",105026.5,0.447964339609795,398,FALSE,FALSE,TRUE,TRUE,TRUE
"427",59791,"Syn",60.5,0.169820348687596,306,TRUE,TRUE,TRUE,TRUE,TRUE
"428",59798,"Syn",474,0.0448934869398228,369,TRUE,TRUE,TRUE,TRUE,TRUE
"429",59803,"Syn",39,1.34389461901918,397,TRUE,FALSE,TRUE,TRUE,TRUE
"430",59808,"Syn",114,0.095112574930112,415,TRUE,TRUE,TRUE,TRUE,TRUE
"431",59813,"Syn",20,0.0294029140682318,318,TRUE,TRUE,TRUE,TRUE,TRUE
"432",59817,"Syn",0,0,2670,TRUE,TRUE,FALSE,FALSE,FALSE
"433",59820,"Syn",5,0.0654475152129817,337,TRUE,TRUE,TRUE,TRUE,TRUE
"434",59830,"Syn",48,0.21416145930554,326,TRUE,FALSE,TRUE,TRUE,TRUE
"435",59831,"Syn",1030.5,0.0326935600542873,304,TRUE,TRUE,TRUE,TRUE,TRUE
"436",59854,"Syn",11.5,1.04285579065737,386,FALSE,FALSE,TRUE,TRUE,TRUE
"437",60241,"Syn",5,0.0107886649554864,878,FALSE,TRUE,TRUE,TRUE,FALSE
"438",60242,"Syn",93.5,0.775087333784088,198,FALSE,FALSE,TRUE,TRUE,TRUE
"439",60246,"Syn",22,0.629601040667441,552,TRUE,FALSE,TRUE,TRUE,FALSE
"440",60314,"Syn",142,0.0609858252116021,330,TRUE,TRUE,TRUE,TRUE,TRUE
"441",62624,"Syn",516,0.20157854814775,341,TRUE,TRUE,TRUE,TRUE,TRUE
"442",62777,"Syn",6,0.606545669117076,281,FALSE,FALSE,TRUE,TRUE,TRUE
"443",62784,"Syn",16,0.0817539549029968,311,FALSE,TRUE,TRUE,TRUE,TRUE
"444",62793,"Syn",741,0.0666402459753837,347,TRUE,TRUE,TRUE,TRUE,TRUE
"445",62797,"Syn",136,0.0540695508727118,373,TRUE,TRUE,TRUE,TRUE,TRUE
"446",62807,"Syn",60,0.0427633432380817,574,FALSE,TRUE,TRUE,TRUE,FALSE
"447",62811,"Syn",806,0.274099379458977,318,TRUE,FALSE,TRUE,TRUE,TRUE
"448",62812,"Syn",109,0.0863936027005177,376,TRUE,TRUE,TRUE,TRUE,TRUE
"449",62816,"Syn",2,0.0620771867139491,321,TRUE,TRUE,TRUE,TRUE,TRUE
"450",62848,"Syn",12,0.1044092377143,294,TRUE,TRUE,TRUE,TRUE,TRUE
"451",62868,"Syn",30,0.307449410138266,285,TRUE,FALSE,TRUE,TRUE,TRUE
"452",62874,"Syn",306.420135498047,0.112035257096373,356,TRUE,TRUE,TRUE,TRUE,TRUE
"453",62882,"Syn",212.432819201989,0.162723270217205,454,TRUE,TRUE,TRUE,TRUE,TRUE
"454",62886,"Syn",20,0.0665009281984807,294,TRUE,TRUE,TRUE,TRUE,TRUE
"455",62899,"Syn",203,0.999896227064126,505,TRUE,FALSE,TRUE,TRUE,FALSE
"456",62934,"Syn",373,0.119697076791033,313,TRUE,TRUE,TRUE,TRUE,TRUE
"457",62943,"Syn",139,0.0793482564393713,317,TRUE,TRUE,TRUE,TRUE,TRUE
"458",63028,"Syn",47,0.11037547362053,414,TRUE,TRUE,TRUE,TRUE,TRUE
"459",63127,"Syn",484,4.23361477109457,451,TRUE,FALSE,TRUE,TRUE,TRUE
"460",63156,"Syn",5,0.0622301332972257,330,TRUE,TRUE,TRUE,TRUE,TRUE
"461",63158,"Syn",18,0.796892007876003,405,FALSE,FALSE,TRUE,TRUE,TRUE
"462",63170,"Syn",3,0.0328439017789742,287,TRUE,TRUE,TRUE,TRUE,TRUE
"463",63233,"Syn",70.5,0.0296858638743456,209,FALSE,TRUE,TRUE,TRUE,TRUE
"464",63309,"Syn",59.5,0.0329373658114183,270,TRUE,TRUE,TRUE,TRUE,TRUE
"465",63482,"Syn",1289,0.0334788654060067,323,TRUE,TRUE,TRUE,TRUE,TRUE
"466",63695,"Syn",231,0.676491366875163,273,TRUE,FALSE,TRUE,TRUE,TRUE
"467",63742,"Syn",1762,0.0828554342180739,292,TRUE,TRUE,TRUE,TRUE,TRUE
